{"h_dim": 48, "n_layers": 6, "lr": 0.0007847585537074081, "losses": [0.14646397944016964, 0.15197997493566895, 0.13231075856679192, 0.14309757955595204, 0.13520473883341272, 0.14664224147693933, 0.13629816094287964, 0.13347815954557624, 0.13408484349642064, 0.12152150104600201, 0.11933220414703564], "val_losses": [0.14481781865023188, 0.15752777287603367, 0.14572065951333593, 0.14264891366233143, 0.13515627456897497, 0.13735955474274403, 0.13383591042732498, 0.13413273146887825, 0.13022790955133506, 0.14125581855940775, 0.12743370305579838, 0.12758108730848072], "test": {"labels": [0.5, 1.0, 0.5, 1.0, 0.0, 0.03921569, 1.0, 0.997988, 0.0, 0.96875, 0.95, 0.0, 1.0, 0.8, 0.96875, 0.5, 0.375, 0.0, 0.75, 0.5, 0.5, 1.0, 0.0, 0.0, 0.5, 0.2, 0.5, 0.0, 0.75, 0.07692308, 1.0, 0.5, 0.5, 0.5, 1.0, 0.952381, 0.994709, 0.0, 1.0, 0.96875, 0.75, 0.375, 0.0, 0.9090909, 1.0, 0.04411765, 0.625, 0.375, 0.5, 1.0, 0.8, 0.997988, 0.5, 0.06862745, 0.625, 0.0, 0.6666667, 1.0, 1.0, 0.5, 0.8888889, 0.9862069, 0.9545454, 0.5, 0.0, 0.8, 0.5, 0.5, 0.625, 0.25, 0.8, 0.0, 0.0, 0.0, 0.8, 0.0, 0.9545454, 0.0, 0.5052631, 0.5, 0.4, 1.0, 0.0, 0.0, 0.0, 0.8, 0.96875, 0.5, 0.625, 0.8, 1.0, 0.9545454, 0.0, 0.0, 0.8, 0.0, 1.0, 0.999, 0.375, 0.9, 0.8, 0.0, 0.9, 1.0, 1.0, 0.0, 0.9545454, 0.6666667, 0.3333333, 0.0, 0.0, 0.0, 0.5, 0.8888889, 0.8333333, 0.02083333, 0.0, 0.5, 1.0, 0.0, 1.0, 0.0, 0.0, 0.9545454, 0.5, 0.0, 0.0, 0.75, 0.0, 0.0, 1.0, 0.8, 0.0, 0.0, 0.0, 0.5, 0.5, 0.05882274, 0.9285714, 0.5, 0.96875, 0.02083333, 0.5, 0.5, 0.9090909, 0.0, 0.0, 0.5, 0.0, 0.96875, 0.08064516, 0.03124954, 1.0, 0.0, 0.0, 0.8, 0.5, 0.01923077, 0.8, 0.8, 0.997988, 0.5, 0.0, 0.0, 0.05882274, 0.5, 0.5, 0.5, 1.0, 0.5, 0.75, 1.0, 0.0, 0.0, 1.0, 1.0, 0.9, 1.0, 0.5, 0.0, 0.9858156, 0.5, 0.4736842, 0.5048544, 0.0, 0.96875, 0.9545454, 0.0, 0.5, 0.9807692, 1.0, 0.5, 0.0, 0.03431372, 0.0, 0.5, 0.5, 0.0, 0.8, 0.0, 0.625, 0.9862069, 0.0, 0.6724138, 0.5, 1.0, 0.9285714, 0.375, 0.3404287, 0.6595712, 0.0, 0.0, 1.0, 0.6153846, 0.9545454, 0.6595712, 1.0, 0.0, 1.0, 0.6595712, 0.5, 0.375, 1.0, 0.0, 0.96875, 1.0, 0.0, 0.01923077, 1.0, 0.5, 0.9285714, 0.6666667, 0.625, 0.5, 0.0, 0.5, 0.8, 0.75, 0.4736842, 0.0, 0.75, 0.0, 0.75, 0.0, 0.9285714, 0.5, 0.5], "preds": [0.45105678211235745, 0.5296024567211388, 0.5001073134358848, 0.45909640662658363, 0.5286059496763557, 0.5023938728167786, 0.45909640662658363, 0.5362505134948343, 0.2774413359387922, 0.5107830112019224, 0.4922903377605906, 0.43989496965002056, 0.45909640662658363, 0.6586212885821998, 0.6722963359030414, 0.42038116584181767, 0.48447840758176225, 0.2774413359387922, 0.5374603840137071, 0.42038116584181767, 0.45909640662658363, 0.45909640662658363, 0.2774413359387922, 0.5001073134358848, 0.5050566314781592, 0.43989496965002056, 0.42038116584181767, 0.5762385565727964, 0.5134247118239259, 0.6037316876742507, 0.2774413359387922, 0.4186319205944725, 0.45909640662658363, 0.4186319205944725, 0.447899405421637, 0.5105196701875798, 0.5001073134358848, 0.2774413359387922, 0.45909640662658363, 0.6214800576502744, 0.5374603840137071, 0.512617610785142, 0.5282622041940365, 0.5068465758505744, 0.45909640662658363, 0.5284775216610053, 0.4909029613278104, 0.48808022821723623, 0.45909640662658363, 0.45909640662658363, 0.5134247118239259, 0.5364071856410438, 0.45909640662658363, 0.5264590291308885, 0.48824010886603625, 0.2774413359387922, 0.5374603840137071, 0.45909640662658363, 0.45909640662658363, 0.45909640662658363, 0.5374603840137071, 0.5142390757693813, 0.5152319000662352, 0.42038116584181767, 0.5360235031022393, 0.5134247118239259, 0.48824010886603625, 0.45909640662658363, 0.48824010886603625, 0.5350869340472253, 0.5067395502499151, 0.48897695220152637, 0.2774413359387922, 0.2774413359387922, 0.5127797334007528, 0.45909640662658363, 0.5429931841404091, 0.2774413359387922, 0.5090825389128458, 0.4186319205944725, 0.45909640662658363, 0.45909640662658363, 0.2774413359387922, 0.2774413359387922, 0.43989496965002056, 0.50641653293966, 0.5283444309313691, 0.5920137171075052, 0.45909640662658363, 0.5134247118239259, 0.45909640662658363, 0.5096755994156745, 0.2774413359387922, 0.5282681509100696, 0.5134247118239259, 0.5282622041940365, 0.45909640662658363, 0.49878423052432647, 0.4838267292043619, 0.5363933009880273, 0.5119529983813959, 0.2774413359387922, 0.5374603840137071, 0.45909640662658363, 0.45909640662658363, 0.43989496965002056, 0.5374603840137071, 0.533587237789357, 0.4899161277158466, 0.45909640662658363, 0.5282622041940365, 0.43989496965002056, 0.5281840599662421, 0.5270820155136712, 0.45909640662658363, 0.5282622041940365, 0.2774413359387922, 0.45909640662658363, 0.45909640662658363, 0.45909640662658363, 0.43989496965002056, 0.43989496965002056, 0.2774413359387922, 0.5142390757693813, 0.45909640662658363, 0.45909640662658363, 0.2774413359387922, 0.5374603840137071, 0.45909640662658363, 0.43989496965002056, 0.5909681126208896, 0.509932955184193, 0.45909640662658363, 0.2774413359387922, 0.2774413359387922, 0.48961431542034567, 0.5273243285586342, 0.2774413359387922, 0.6154335084971329, 0.43989496965002056, 0.5107830112019224, 0.6529475527220439, 0.45909640662658363, 0.48889009822567403, 0.5363933009880273, 0.2774413359387922, 0.5282622041940365, 0.48824010886603625, 0.5363691926612038, 0.5186347743387753, 0.5339946232475464, 0.5133599194890689, 0.6888587990985183, 0.534805465223024, 0.5282622041940365, 0.4987457890447498, 0.48824010886603625, 0.5282622041940365, 0.5037356729675326, 0.5066881043433588, 0.5364071856410438, 0.48824010886603625, 0.2774413359387922, 0.43989496965002056, 0.5344655364287928, 0.45909640662658363, 0.48961431542034567, 0.48824010886603625, 0.5847766186156876, 0.5286059496763557, 0.53172726115811, 0.45909640662658363, 0.3348514218556543, 0.43989496965002056, 0.45909640662658363, 0.45909640662658363, 0.5141993995104321, 0.45909640662658363, 0.4186319205944725, 0.2739271452936307, 0.5097683522508957, 0.45909640662658363, 0.5066625617488211, 0.5090825389128458, 0.2739271452936307, 0.5085224647359173, 0.5037356729675326, 0.2774413359387922, 0.4186319205944725, 0.6158835887542791, 0.45909640662658363, 0.48824010886603625, 0.45909640662658363, 0.5321562106548727, 0.2774413359387922, 0.45909640662658363, 0.48889009822567403, 0.43989496965002056, 0.5117111500748437, 0.45909640662658363, 0.45909640662658363, 0.5386546620119541, 0.45909640662658363, 0.45909640662658363, 0.45909640662658363, 0.45909640662658363, 0.6180378277741899, 0.503886659471261, 0.5138255802553401, 0.579981791190072, 0.5282681509100696, 0.2774413359387922, 0.45909640662658363, 0.43989496965002056, 0.5374603840137071, 0.5006355450655335, 0.5001073134358848, 0.43600059064535057, 0.45909640662658363, 0.5057503700166208, 0.42038116584181767, 0.49213193606522804, 0.45909640662658363, 0.2774413359387922, 0.5737699632866219, 0.45909640662658363, 0.2774413359387922, 0.6420658046421123, 0.45909640662658363, 0.4186319205944725, 0.54625241122078, 0.5122686256972003, 0.4871087351943948, 0.45909640662658363, 0.5084301325354205, 0.48821793449837664, 0.6679480475282056, 0.661561816280914, 0.5066625617488211, 0.5282622041940365, 0.5374603840137071, 0.5920137171075052, 0.5124346632517358, 0.5001073134358848, 0.4946698868346254, 0.4868393239307983, 0.4398217376390122]}, "accs": {"MSE": 0.13242113256047186, "MAE": 0.31222569011451934}}