{"h_dim": 48, "n_layers": 6, "lr": 0.0007847585537074081, "losses": [0.14794783215451424, 0.14399517631172928, 0.14404290246685658, 0.1285965536303801, 0.13663751380167888, 0.13683813218814178, 0.12953049749160986, 0.13397734943399017, 0.12446877669051545, 0.12309192007055245, 0.1293133927415058], "val_losses": [0.14534489137176837, 0.14231615543114848, 0.13970709424933578, 0.13774996760773794, 0.14870433823003013, 0.12510184421243384, 0.12553521010743687, 0.13464956977436396, 0.12256534999844095, 0.13671383145380658, 0.13905928815972185, 0.12237842732356108], "test": {"labels": [0.0, 0.0, 0.4736842, 0.8, 0.0, 1.0, 0.9090909, 0.75, 0.5, 0.0, 0.5, 0.9285714, 0.0, 0.02083333, 1.0, 0.5, 0.6595712, 0.0, 0.0, 0.5, 0.5, 0.0, 0.0, 0.4736842, 1.0, 0.75, 0.0, 0.0, 0.375, 0.0, 0.625, 0.0, 0.9, 0.5, 0.0, 0.5, 0.5, 0.625, 0.8, 0.8, 0.9545454, 0.8, 0.6724138, 0.997988, 0.8, 0.9545454, 0.05882274, 0.6595712, 0.0, 0.0, 0.3404287, 0.5, 1.0, 0.9862069, 1.0, 1.0, 0.25, 0.5, 0.0, 0.5, 0.96875, 0.5, 0.8, 0.0, 0.375, 0.5, 0.0, 1.0, 0.5052631, 0.0, 0.5, 0.9285714, 1.0, 0.8888889, 0.5, 0.375, 1.0, 0.0, 0.9285714, 0.0, 0.75, 0.0, 0.0, 0.5, 0.994709, 0.96875, 0.997988, 0.6666667, 0.08064516, 1.0, 0.625, 0.8, 0.8, 0.9545454, 0.9, 0.95, 0.5, 0.96875, 0.0, 0.0, 0.375, 0.5, 0.9545454, 0.0, 0.0, 0.0, 0.5, 0.0, 0.5, 1.0, 0.5, 1.0, 0.9862069, 0.6153846, 0.5, 0.375, 0.997988, 0.5, 0.0, 0.75, 0.0, 0.0, 0.96875, 0.0, 0.8888889, 0.5, 0.75, 1.0, 0.0, 1.0, 1.0, 0.8, 1.0, 1.0, 0.5, 0.6666667, 0.8, 1.0, 0.75, 0.5048544, 1.0, 1.0, 1.0, 1.0, 0.05882274, 0.9545454, 0.0, 0.01923077, 0.952381, 0.0, 0.5, 0.3333333, 0.0, 0.5, 0.0, 0.0, 0.0, 1.0, 0.96875, 0.0, 0.5, 0.9090909, 1.0, 0.0, 0.8, 0.5, 0.0, 0.03431372, 1.0, 0.07692308, 0.2, 0.0, 0.96875, 0.5, 0.999, 0.0, 0.5, 0.5, 0.0, 0.9807692, 0.5, 0.0, 0.0, 0.96875, 0.0, 0.0, 0.5, 0.0, 0.625, 0.4, 0.0, 1.0, 0.5, 0.06862745, 0.03124954, 0.5, 0.0, 0.75, 0.8, 0.75, 0.6666667, 0.0, 0.9858156, 0.5, 0.375, 0.9545454, 0.5, 1.0, 0.0, 0.0, 0.5, 0.0, 0.5, 0.04411765, 0.9545454, 0.03921569, 0.01923077, 0.0, 1.0, 0.8, 0.5, 1.0, 0.0, 0.5, 1.0, 0.9, 0.02083333, 1.0, 0.8333333, 0.9285714, 0.5, 0.0, 0.5, 0.8, 0.625, 1.0, 0.0, 0.0, 0.0, 0.5, 0.6595712, 0.96875, 0.5, 1.0, 0.625, 0.8, 1.0], "preds": [