{"h_dim": 48, "n_layers": 6, "lr": 0.0007847585537074081, "losses": [0.15086749789176065, 0.14408601594600262, 0.14201893649021366, 0.1391312028907315, 0.13167409180335943, 0.1337150405101742, 0.12898706973761512, 0.12158363990996628, 0.11834967334525275, 0.13270508291494293, 0.14451058836411762], "val_losses": [0.1457309748668822, 0.14466844531039666, 0.14735073068857224, 0.13730046471282414, 0.12916793163790738, 0.13061974687613542, 0.129829738260142, 0.1238927927829224, 0.13092800236019644, 0.13003927138535168, 0.14119249594586702, 0.13515133177785563], "test": {"labels": [1.0, 0.5, 0.4, 0.5, 0.375, 1.0, 0.8, 0.0, 0.03431372, 0.0, 0.9285714, 0.9862069, 0.9545454, 0.0, 0.625, 0.0, 0.5, 0.0, 1.0, 1.0, 0.375, 0.0, 0.75, 1.0, 0.0, 0.6724138, 1.0, 1.0, 0.5, 0.5, 0.5, 0.5, 0.5048544, 0.9545454, 0.96875, 0.997988, 0.3404287, 0.9545454, 0.75, 0.75, 1.0, 0.0, 0.5, 0.625, 0.994709, 1.0, 0.5, 0.0, 0.25, 1.0, 1.0, 0.9, 0.3333333, 0.375, 0.02083333, 0.8, 0.8888889, 0.8, 0.96875, 0.5, 0.0, 0.5, 0.5, 0.5, 0.5, 1.0, 0.9090909, 0.05882274, 0.0, 0.375, 0.01923077, 0.0, 1.0, 0.0, 0.5, 0.5, 0.75, 0.6666667, 0.5, 0.5, 1.0, 0.0, 0.0, 1.0, 0.0, 1.0, 0.9285714, 0.06862745, 0.01923077, 0.0, 1.0, 0.96875, 0.96875, 0.5, 0.0, 0.5, 0.0, 0.5, 0.9858156, 0.8, 0.5, 0.5, 0.9862069, 0.625, 1.0, 0.02083333, 0.5, 1.0, 0.5, 0.0, 0.5, 0.96875, 0.999, 0.5, 0.96875, 0.8, 0.0, 0.0, 0.5, 0.5, 0.04411765, 0.75, 0.4736842, 0.5, 0.5, 0.9545454, 0.8, 0.95, 0.0, 0.0, 0.375, 0.0, 1.0, 0.0, 0.0, 0.05882274, 0.0, 0.8, 0.8, 1.0, 0.5, 0.0, 0.0, 0.6153846, 0.0, 0.997988, 0.0, 0.8333333, 0.0, 0.625, 0.0, 1.0, 0.0, 0.0, 0.0, 0.8, 0.625, 0.0, 0.8, 0.5, 0.9090909, 1.0, 0.5, 0.9, 1.0, 1.0, 0.03921569, 0.5, 1.0, 0.96875, 1.0, 0.5, 0.0, 0.5, 1.0, 0.0, 0.9285714, 0.5052631, 0.0, 0.9545454, 0.0, 0.07692308, 0.0, 0.9807692, 0.0, 0.75, 0.0, 0.75, 0.6595712, 0.5, 0.0, 0.9545454, 0.0, 1.0, 0.5, 0.0, 0.5, 0.9545454, 0.8, 0.6595712, 0.0, 1.0, 0.75, 0.5, 0.5, 0.0, 0.0, 0.0, 0.9, 0.0, 0.8, 1.0, 0.8, 0.6595712, 0.96875, 1.0, 0.0, 0.2, 0.997988, 0.8, 0.8, 0.0, 0.0, 0.4736842, 0.9285714, 0.0, 0.5, 0.375, 0.0, 0.5, 0.6666667, 0.952381, 1.0, 0.6666667, 0.08064516, 0.0, 0.0, 0.0, 0.5, 0.03124954, 0.0, 0.0, 1.0, 0.5, 0.0, 0.8888889, 0.625], "preds": [